timestamp,open,high,low,close,volume
1766313000000,0.28002,0.32,0.23228,0.24718,21706960.0
1766313900000,0.24744,0.25851,0.245,0.24766,6675971.0
1766314800000,0.24761,0.25417,0.22383,0.23556,11325259.0
1766315700000,0.23557,0.24217,0.23237,0.2357,5131390.0
1766316600000,0.23615,0.24266,0.2324,0.23449,4070271.0
1766317500000,0.23456,0.23758,0.2251,0.23384,7483971.0
1766318400000,0.23384,0.23888,0.2061,0.21419,11679951.0
1766319300000,0.21419,0.22222,0.20618,0.20993,7611390.0
1766320200000,0.2099,0.21998,0.20817,0.21546,6955972.0
1766321100000,0.21552,0.22971,0.21505,0.22167,8331777.0
1766322000000,0.22196,0.22575,0.21,0.21326,7984886.0
1766322900000,0.21306,0.21739,0.20642,0.20887,11376626.0
1766323800000,0.20888,0.21416,0.2,0.20386,11855088.0
1766324700000,0.20386,0.21396,0.20318,0.21098,8727606.0
1766325600000,0.21099,0.215,0.2082,0.21149,7032224.0
1766326500000,0.21157,0.222,0.21143,0.21302,7716107.0
1766327400000,0.21307,0.21472,0.20668,0.20975,7074280.0
1766328300000,0.20983,0.21482,0.20859,0.21004,4499780.0
1766329200000,0.21004,0.21115,0.20443,0.21092,6545700.0
1766330100000,0.21105,0.21636,0.2081,0.21365,6214912.0
1766331000000,0.21353,0.21357,0.202,0.20426,6796792.0
1766331900000,0.20434,0.20974,0.20248,0.2067,5489004.0
1766332800000,0.20658,0.22345,0.20484,0.21804,10127091.0
1766333700000,0.21823,0.23156,0.21372,0.22754,11635483.0
1766334600000,0.22769,0.23888,0.22039,0.23732,10813606.0
1766335500000,0.23734,0.23879,0.21474,0.22311,12511788.0
1766336400000,0.22311,0.2335,0.223,0.22955,5408729.0
1766337300000,0.22956,0.23539,0.22606,0.22792,4170233.0
1766338200000,0.22801,0.22999,0.20164,0.20973,10939330.0
1766339100000,0.20976,0.20998,0.19714,0.20626,9054611.0
1766340000000,0.20626,0.21579,0.20178,0.21056,6206635.0
1766340900000,0.21066,0.215,0.20492,0.20776,3940940.0
1766341800000,0.20783,0.21762,0.20717,0.21424,2929809.0
1766342700000,0.2143,0.22,0.2113,0.21513,3391513.0
1766343600000,0.21513,0.21574,0.2089,0.21076,3138190.0
1766344500000,0.21076,0.21334,0.20533,0.21051,3409724.0
1766345400000,0.21051,0.21544,0.20921,0.21399,2019657.0
1766346300000,0.21406,0.218,0.20612,0.20801,3480496.0
1766347200000,0.2079,0.216,0.20739,0.21225,2631098.0
1766348100000,0.21228,0.21497,0.20785,0.21163,3478425.0
1766349000000,0.21163,0.21272,0.20488,0.20755,2183781.0
1766349900000,0.20764,0.20791,0.19091,0.19869,6948100.0
1766350800000,0.19866,0.20526,0.19708,0.20252,2488772.0
1766351700000,0.20262,0.20305,0.19898,0.19948,1476721.0
1766352600000,0.19958,0.20832,0.19733,0.20131,2904156.0
1766353500000,0.20135,0.209,0.20131,0.20776,2117517.0
1766354400000,0.2077,0.213,0.20333,0.20733,2528841.0
1766355300000,0.20723,0.2165,0.20652,0.2136,1962027.0
1766356200000,0.21364,0.2162,0.207,0.20969,2548212.0
1766357100000,0.20969,0.2125,0.2082,0.20895,1246585.0
1766358000000,0.2091,0.21012,0.20172,0.20366,5220927.0
1766358900000,0.20364,0.20511,0.18413,0.18763,8045522.0
1766359800000,0.18762,0.195,0.18705,0.19169,3944129.0
1766360700000,0.19182,0.19399,0.1898,0.19156,2948659.0
1766361600000,0.19153,0.19554,0.18461,0.1885,3695975.0
1766362500000,0.18855,0.18987,0.17433,0.17894,5048505.0
1766363400000,0.1791,0.18229,0.17501,0.17997,3840602.0
1766364300000,0.17993,0.20521,0.17867,0.20151,7244601.0
1766365200000,0.2015,0.22344,0.2,0.20619,10961314.0
1766366100000,0.2062,0.2075,0.19504,0.19719,3799193.0
1766367000000,0.19718,0.20151,0.19532,0.19714,3850213.0
1766367900000,0.1971,0.19711,0.18872,0.19037,3368943.0
1766368800000,0.19043,0.19255,0.18527,0.19141,4371630.0
1766369700000,0.19148,0.1968,0.19115,0.19433,2736118.0
1766370600000,0.19447,0.19928,0.19061,0.19928,2812842.0
1766371500000,0.19911,0.20794,0.19829,0.20318,3288966.0
1766372400000,0.20337,0.20809,0.19788,0.20047,3691850.0
1766373300000,0.20054,0.20732,0.19953,0.20505,2081424.0
1766374200000,0.20525,0.20529,0.1926,0.19527,3204221.0
1766375100000,0.19547,0.19593,0.1912,0.19455,1869653.0
1766376000000,0.19455,0.19844,0.191,0.19527,3158379.0
1766376900000,0.19523,0.19684,0.1914,0.19479,1285616.0
1766377800000,0.19489,0.19495,0.19225,0.19377,836105.0
1766378700000,0.19382,0.19667,0.19314,0.19503,1396598.0
1766379600000,0.195,0.20057,0.19432,0.19535,2614480.0
1766380500000,0.1954,0.19913,0.19264,0.19274,2107290.0
1766381400000,0.19275,0.19681,0.1896,0.19575,3351835.0
1766382300000,0.19577,0.19584,0.19255,0.19303,810308.0
1766383200000,0.19303,0.19625,0.19151,0.1947,1814359.0
1766384100000,0.19452,0.19551,0.19235,0.19261,827971.0
1766385000000,0.1926,0.19356,0.18802,0.18967,2700310.0
1766385900000,0.18977,0.19291,0.18823,0.19087,2252201.0
1766386800000,0.19096,0.19663,0.18929,0.1944,2440885.0
1766387700000,0.19441,0.19623,0.1882,0.18975,3181744.0
1766388600000,0.18974,0.19698,0.18965,0.1956,2593650.0
1766389500000,0.19555,0.196,0.19161,0.19308,1713412.0
1766390400000,0.193,0.19451,0.19031,0.1912,1085305.0
1766391300000,0.19122,0.1959,0.19031,0.19516,2095854.0
1766392200000,0.19509,0.20446,0.19448,0.20253,5589369.0
1766393100000,0.20253,0.20642,0.19222,0.19469,6107155.0
1766394000000,0.19458,0.19515,0.1915,0.1932,1957465.0
1766394900000,0.1932,0.19803,0.19039,0.19295,2898134.0
1766395800000,0.193,0.19581,0.1922,0.19526,1533173.0
1766396700000,0.19526,0.19893,0.19417,0.1978,2031705.0
1766397600000,0.19775,0.19932,0.19137,0.1951,3118491.0
1766398500000,0.19493,0.19493,0.18888,0.19119,2664713.0
1766399400000,0.19128,0.19354,0.1888,0.19133,2503463.0
1766400300000,0.19125,0.1926,0.18081,0.18544,6041900.0
1766401200000,0.18529,0.1892,0.18328,0.18836,2901739.0
1766402100000,0.18842,0.19127,0.18538,0.19024,2832808.0
1766403000000,0.19022,0.19168,0.18535,0.18715,2677573.0
1766403900000,0.18707,0.1903,0.18666,0.18921,1785724.0
1766404800000,0.1894,0.18952,0.18034,0.18486,3853041.0
1766405700000,0.18474,0.18764,0.18152,0.18425,2491568.0
1766406600000,0.18414,0.1862,0.18214,0.18546,2314898.0
1766407500000,0.18537,0.18779,0.18236,0.18286,2301488.0
1766408400000,0.18285,0.18686,0.18236,0.18426,2979242.0
1766409300000,0.18419,0.1855,0.18233,0.18446,2053237.0
1766410200000,0.18451,0.188,0.18285,0.18611,2361613.0
1766411100000,0.18612,0.18763,0.18,0.18226,5114517.0
1766412000000,0.18225,0.18479,0.178,0.18136,4871969.0
1766412900000,0.18136,0.18238,0.17,0.1722,11931858.0
1766413800000,0.17219,0.17534,0.168,0.1695,10213837.0
1766414700000,0.16945,0.17287,0.16569,0.17189,6911717.0
1766415600000,0.17182,0.1735,0.16801,0.16918,3848388.0
1766416500000,0.1692,0.17158,0.16724,0.17069,4202949.0
1766417400000,0.1707,0.1728,0.16743,0.1726,3891947.0
1766418300000,0.17248,0.17518,0.17038,0.17091,3008458.0
1766419200000,0.1708,0.17148,0.16453,0.16715,6602631.0
1766420100000,0.16714,0.16892,0.16501,0.16752,3514760.0
1766421000000,0.16751,0.17378,0.1669,0.16972,4080758.0
1766421900000,0.16972,0.17214,0.16808,0.17017,3113164.0
1766422800000,0.17025,0.17198,0.168,0.17011,2428304.0
1766423700000,0.17004,0.1725,0.16903,0.17171,2831229.0
1766424600000,0.17172,0.175,0.17166,0.17295,2812884.0
1766425500000,0.17303,0.17396,0.16701,0.16806,3128314.0
1766426400000,0.16806,0.17247,0.16524,0.17247,4294738.0
1766427300000,0.17239,0.17269,0.16901,0.17156,1689530.0
1766428200000,0.17156,0.17276,0.16964,0.17151,1211477.0
1766429100000,0.17157,0.17394,0.17151,0.17348,1498576.0
1766430000000,0.17341,0.1769,0.16847,0.16902,4294370.0
1766430900000,0.16904,0.17169,0.16751,0.17076,2049801.0
1766431800000,0.17075,0.1718,0.16616,0.1684,2278145.0
1766432700000,0.16843,0.16903,0.165,0.16722,2646038.0
1766433600000,0.16722,0.1698,0.16555,0.167,2850277.0
1766434500000,0.16695,0.17251,0.16673,0.17086,2460760.0
1766435400000,0.17093,0.17268,0.16654,0.16838,2751713.0
1766436300000,0.16835,0.1703,0.16529,0.16932,3128043.0
1766437200000,0.16946,0.17029,0.16723,0.16768,1635750.0
1766438100000,0.16769,0.17018,0.16612,0.16861,1918219.0
1766439000000,0.16878,0.17,0.16653,0.17,1684364.0
1766439900000,0.1699,0.17109,0.16631,0.16933,2852319.0
1766440800000,0.16923,0.1711,0.16706,0.17073,1642797.0
1766441700000,0.1709,0.1744,0.16939,0.17009,2877717.0
1766442600000,0.17009,0.17371,0.16983,0.17191,1500605.0
1766443500000,0.17177,0.1745,0.17031,0.17252,1519407.0
1766444400000,0.17249,0.174,0.17057,0.17219,1497463.0
1766445300000,0.17218,0.17235,0.16704,0.16957,3060477.0
1766446200000,0.1696,0.17154,0.16879,0.16955,1524379.0
1766447100000,0.1695,0.1721,0.16916,0.17151,902351.0
1766448000000,0.17144,0.17344,0.1694,0.17296,1420180.0
1766448900000,0.17297,0.17489,0.17267,0.17345,1291320.0
1766449800000,0.1734,0.17428,0.1717,0.17357,1013530.0
1766450700000,0.1736,0.17458,0.1717,0.17199,967794.0
1766451600000,0.1721,0.17326,0.171,0.17265,1453098.0
1766452500000,0.17268,0.17707,0.17268,0.1762,2781415.0
1766453400000,0.17621,0.17621,0.17112,0.17264,2163310.0
1766454300000,0.17261,0.17421,0.16748,0.16915,3417842.0
1766455200000,0.16918,0.171,0.16861,0.17041,2475436.0
1766456100000,0.17046,0.17128,0.16903,0.17043,1077862.0
1766457000000,0.17042,0.17042,0.165,0.16656,3839913.0
1766457900000,0.16663,0.16835,0.15492,0.16049,12154357.0
1766458800000,0.16051,0.16098,0.15459,0.15917,6884174.0
1766459700000,0.15909,0.16079,0.15852,0.15955,2606045.0
1766460600000,0.15968,0.16184,0.15782,0.16109,2460414.0
1766461500000,0.1611,0.16429,0.16,0.16325,2522238.0
1766462400000,0.16325,0.16401,0.16116,0.16167,2271393.0
1766463300000,0.16165,0.16451,0.16141,0.16265,2124690.0
1766464200000,0.16265,0.16298,0.15931,0.16065,2829730.0
1766465100000,0.16085,0.16172,0.155,0.15761,4584461.0
1766466000000,0.15758,0.1614,0.15664,0.16062,4122159.0
1766466900000,0.16072,0.1645,0.15931,0.16298,3221941.0
1766467800000,0.16289,0.16719,0.1602,0.16328,3395460.0
1766468700000,0.16328,0.16466,0.16221,0.1625,1707138.0
1766469600000,0.16261,0.16319,0.16096,0.1616,1403151.0
1766470500000,0.16163,0.16388,0.15817,0.16031,3811261.0
1766471400000,0.16027,0.16139,0.15544,0.16128,4115612.0
1766472300000,0.16125,0.1622,0.159,0.15911,1502537.0
1766473200000,0.15914,0.16047,0.1584,0.1598,1584553.0
1766474100000,0.1598,0.162,0.15899,0.16036,1591861.0
1766475000000,0.16036,0.16246,0.15929,0.16007,1672335.0
1766475900000,0.16013,0.16164,0.15998,0.1604,1131838.0
1766476800000,0.1604,0.16251,0.1603,0.16116,1833475.0
1766477700000,0.1612,0.16443,0.16071,0.16253,1813455.0
1766478600000,0.16246,0.165,0.16223,0.1643,1779272.0
1766479500000,0.1643,0.1643,0.1602,0.1618,2774619.0
1766480400000,0.1618,0.16305,0.1595,0.16128,1850202.0
1766481300000,0.16122,0.16159,0.15804,0.15938,3422316.0
1766482200000,0.1594,0.16098,0.15878,0.15964,2070848.0
1766483100000,0.15971,0.16064,0.15827,0.15883,1414910.0
1766484000000,0.15891,0.16019,0.15858,0.15924,1412694.0
1766484900000,0.15928,0.161,0.15811,0.15962,1900620.0
1766485800000,0.1595,0.1596,0.15615,0.15778,3457437.0
1766486700000,0.15783,0.15862,0.15366,0.15802,4683757.0
1766487600000,0.15802,0.15943,0.15577,0.15742,3687602.0
1766488500000,0.1574,0.15983,0.15687,0.15891,1960577.0
1766489400000,0.15898,0.15898,0.15093,0.15152,5243814.0
1766490300000,0.15153,0.15442,0.148,0.15181,11835904.0
1766491200000,0.15181,0.15331,0.1513,0.1524,3274991.0
1766492100000,0.1523,0.15368,0.15068,0.1532,2944942.0
1766493000000,0.15319,0.1545,0.15221,0.15438,2339253.0
1766493900000,0.1543,0.1571,0.15295,0.15605,3489042.0
1766494800000,0.15608,0.15764,0.15361,0.15541,2773783.0
1766495700000,0.15552,0.15599,0.15351,0.15427,1798464.0
1766496600000,0.15427,0.15599,0.1539,0.15422,1593876.0
1766497500000,0.15434,0.15447,0.1515,0.15249,3299414.0
1766498400000,0.15252,0.15255,0.14928,0.15022,4577758.0
1766499300000,0.1502,0.15052,0.1461,0.14801,6734364.0
1766500200000,0.14807,0.14998,0.14677,0.14802,3770370.0
1766501100000,0.1481,0.1481,0.13208,0.13887,23259457.0
1766502000000,0.1388,0.14011,0.135,0.13532,7245824.0
1766502900000,0.13539,0.13887,0.13532,0.13887,5383732.0
1766503800000,0.13881,0.13973,0.1354,0.13738,6729104.0
1766504700000,0.13738,0.14,0.13702,0.13804,3200415.0
1766505600000,0.13799,0.13996,0.13689,0.13796,3806636.0
1766506500000,0.13804,0.13956,0.1373,0.13864,2482873.0
1766507400000,0.13864,0.1398,0.1359,0.13693,3445649.0
1766508300000,0.1369,0.1383,0.136,0.13745,3199516.0
1766509200000,0.13744,0.13952,0.13657,0.13851,2572193.0
1766510100000,0.1385,0.13981,0.13638,0.13754,3280924.0
1766511000000,0.13752,0.1379,0.13205,0.13557,7258961.0
1766511900000,0.13561,0.13755,0.13512,0.1365,2659342.0
1766512800000,0.13658,0.13826,0.13642,0.13751,1916969.0
1766513700000,0.13754,0.13931,0.13699,0.13839,1739891.0
1766514600000,0.13835,0.13926,0.13791,0.13883,1146932.0
1766515500000,0.13883,0.13912,0.1364,0.13786,2135187.0
1766516400000,0.13777,0.13889,0.1371,0.13872,1235853.0
1766517300000,0.13874,0.14366,0.1386,0.1406,4878605.0
1766518200000,0.14068,0.14319,0.14043,0.14245,1948096.0
1766519100000,0.14243,0.14661,0.14223,0.14282,3954263.0
1766520000000,0.14284,0.14324,0.14007,0.14137,2578166.0
1766520900000,0.14135,0.14234,0.14041,0.14184,989544.0
1766521800000,0.14185,0.14407,0.14176,0.14322,922237.0
1766522700000,0.14328,0.1439,0.14131,0.14195,1111119.0
1766523600000,0.14195,0.14237,0.14048,0.14185,959874.0
1766524500000,0.14182,0.14287,0.14074,0.14115,830602.0
1766525400000,0.14115,0.14123,0.13855,0.14007,1735401.0
1766526300000,0.14007,0.14044,0.137,0.13808,2478383.0
1766527200000,0.13799,0.13884,0.13668,0.13872,2024478.0
1766528100000,0.13872,0.13977,0.13748,0.13815,1419854.0
1766529000000,0.13818,0.13822,0.13576,0.13731,1923175.0
1766529900000,0.13727,0.13778,0.13589,0.13647,926219.0
1766530800000,0.13643,0.1385,0.13608,0.13821,1566368.0
1766531700000,0.1382,0.13952,0.13769,0.13792,1359438.0
1766532600000,0.13794,0.13858,0.13736,0.13841,612774.0
1766533500000,0.13842,0.13892,0.1372,0.13818,870536.0
1766534400000,0.1382,0.13925,0.13702,0.13778,1349569.0
1766535300000,0.1378,0.14147,0.13775,0.14088,1691247.0
1766536200000,0.14094,0.14282,0.1404,0.14116,2239873.0
1766537100000,0.14104,0.14172,0.14033,0.14116,1354588.0
1766538000000,0.14114,0.1436,0.14069,0.14277,1914225.0
1766538900000,0.1428,0.14398,0.14177,0.14296,1360080.0
1766539800000,0.1429,0.1434,0.13844,0.13885,2611892.0
1766540700000,0.13885,0.13886,0.13135,0.13272,8258229.0
1766541600000,0.13272,0.13421,0.12705,0.13036,9197989.0
1766542500000,0.13039,0.13329,0.13039,0.13251,3349742.0
1766543400000,0.13251,0.13284,0.13057,0.1323,2458016.0
1766544300000,0.13226,0.13264,0.13126,0.13176,1199964.0
1766545200000,0.13172,0.13212,0.13068,0.13129,1005529.0
1766546100000,0.13129,0.13194,0.13014,0.13078,1450712.0
1766547000000,0.13075,0.13128,0.12966,0.13059,1871902.0
1766547900000,0.13052,0.13052,0.12818,0.12946,3769500.0
1766548800000,0.12944,0.13088,0.12718,0.12882,4304412.0
1766549700000,0.12886,0.1296,0.12815,0.12921,2670822.0
1766550600000,0.12921,0.12947,0.12723,0.12885,3228680.0
1766551500000,0.12883,0.12902,0.12747,0.12886,1919154.0
1766552400000,0.12884,0.12976,0.12455,0.12611,5695243.0
1766553300000,0.12609,0.1276,0.12412,0.12419,3543661.0
1766554200000,0.12415,0.12675,0.12234,0.12335,4945983.0
1766555100000,0.12331,0.12618,0.12223,0.12535,5949111.0
1766556000000,0.12534,0.12553,0.123,0.12448,3627217.0
1766556900000,0.1245,0.12554,0.12352,0.12486,2934076.0
1766557800000,0.1248,0.12585,0.12421,0.12547,1734958.0
1766558700000,0.12535,0.12739,0.12509,0.12582,2706076.0
1766559600000,0.12581,0.1284,0.12567,0.12704,2230330.0
1766560500000,0.12713,0.1288,0.1269,0.12767,1924030.0
1766561400000,0.12762,0.12782,0.12663,0.12722,1330109.0
1766562300000,0.12722,0.12751,0.12621,0.12676,1235962.0
1766563200000,0.12678,0.1277,0.12626,0.12702,1625617.0
1766564100000,0.127,0.12803,0.1268,0.12742,1318128.0
1766565000000,0.12742,0.12786,0.12601,0.12666,1790641.0
1766565900000,0.12673,0.12899,0.1266,0.12885,1800996.0
1766566800000,0.12885,0.13098,0.12834,0.12892,4592355.0
1766567700000,0.12892,0.1333,0.12891,0.13181,4379053.0
1766568600000,0.1319,0.13424,0.1318,0.13376,2713104.0
1766569500000,0.13378,0.1356,0.13157,0.1325,3956663.0
1766570400000,0.13249,0.13615,0.13235,0.13532,3138384.0
1766571300000,0.13536,0.1367,0.133,0.1334,3045477.0
1766572200000,0.13337,0.13464,0.13161,0.13185,2327123.0
1766573100000,0.13185,0.13242,0.12874,0.1298,4647732.0
1766574000000,0.12981,0.13049,0.12583,0.1276,5990976.0
1766574900000,0.12764,0.12872,0.12669,0.12792,2677588.0
1766575800000,0.12798,0.12841,0.12692,0.12718,1378636.0
1766576700000,0.12718,0.12948,0.12702,0.12847,1716786.0
1766577600000,0.12848,0.12983,0.12775,0.12971,2472116.0
1766578500000,0.12972,0.13707,0.12955,0.13339,10369696.0
1766579400000,0.13345,0.13499,0.13168,0.13369,11062415.0
1766580300000,0.1337,0.13637,0.13359,0.13576,12418830.0
1766581200000,0.13576,0.13734,0.13522,0.1356,10427405.0
1766582100000,0.1356,0.13632,0.13465,0.13506,10886359.0
1766583000000,0.13505,0.13586,0.13261,0.13343,17270759.0
1766583900000,0.13343,0.13441,0.13266,0.13311,17932870.0
1766584800000,0.13311,0.13338,0.13194,0.13237,19744619.0
1766585700000,0.13237,0.1329,0.13133,0.13231,22783211.0
1766586600000,0.13232,0.13526,0.13227,0.13512,25705819.0
1766587500000,0.13512,0.1358,0.13444,0.13541,27040461.0
1766588400000,0.13541,0.13689,0.13503,0.13564,27046922.0
1766589300000,0.13564,0.13622,0.13546,0.13606,27452430.0
1766590200000,0.13606,0.1366,0.13583,0.13648,22518653.0
1766591100000,0.13648,0.13734,0.13609,0.13724,18281305.0
1766592000000,0.13725,0.139,0.13691,0.1389,24401504.0
1766592900000,0.13891,0.14839,0.13887,0.14339,32852383.0
1766593800000,0.14339,0.14567,0.1418,0.14437,21579652.0
1766594700000,0.14436,0.14996,0.14428,0.14746,28864532.0
1766595600000,0.14746,0.14747,0.13803,0.13946,30679723.0
1766596500000,0.13947,0.14039,0.13566,0.1372,23900704.0
1766597400000,0.13721,0.13814,0.13526,0.13765,21949160.0
1766598300000,0.13765,0.14071,0.13712,0.14001,24051671.0
1766599200000,0.14001,0.14249,0.13907,0.14229,15187975.0
1766600100000,0.14232,0.14357,0.13953,0.14175,18010637.0
1766601000000,0.14174,0.14419,0.14129,0.14354,15111956.0
1766601900000,0.14353,0.1441,0.14061,0.14071,16478769.0
1766602800000,0.14069,0.14135,0.13872,0.14106,19962963.0
1766603700000,0.14107,0.14414,0.13977,0.14262,20461925.0
1766604600000,0.14261,0.14395,0.1412,0.14266,24216405.0
1766605500000,0.14266,0.1437,0.14142,0.14233,21438356.0
1766606400000,0.14233,0.1425,0.13735,0.13985,20954125.0
1766607300000,0.13985,0.1411,0.13905,0.13953,12247594.0
1766608200000,0.13952,0.13969,0.13756,0.13773,14972222.0
1766609100000,0.13772,0.1388,0.13706,0.13805,16231161.0
1766610000000,0.13806,0.13931,0.13785,0.13886,13533922.0
1766610900000,0.13886,0.13886,0.1372,0.13862,7064433.0
1766611800000,0.13863,0.14039,0.13862,0.13932,8457544.0
1766612700000,0.13932,0.1405,0.13932,0.13968,12814499.0
1766613600000,0.13968,0.14121,0.13914,0.14108,12882747.0
1766614500000,0.14109,0.14192,0.14019,0.1403,11470662.0
1766615400000,0.14029,0.14039,0.13888,0.14,11310392.0
1766616300000,0.14,0.1427,0.13999,0.14129,9410290.0
1766617200000,0.1413,0.14273,0.14107,0.14231,13248839.0
1766618100000,0.14229,0.14286,0.14214,0.14243,3223643.0
1766619000000,0.14243,0.14245,0.1406,0.14097,5112440.0
1766619900000,0.14098,0.1418,0.14074,0.1414,3872370.0
1766620800000,0.1414,0.14222,0.1411,0.14151,4306612.0
1766621700000,0.14151,0.1421,0.13974,0.14083,2905864.0
1766622600000,0.14082,0.14404,0.14068,0.14308,4991891.0
1766623500000,0.14309,0.14641,0.14269,0.14542,6232279.0
1766624400000,0.14542,0.14648,0.14489,0.14614,5352436.0
1766625300000,0.14613,0.1484,0.14611,0.14826,5987284.0
1766626200000,0.14831,0.1489,0.1458,0.14586,6113504.0
1766627100000,0.14581,0.14588,0.14344,0.1448,6837525.0
1766628000000,0.1448,0.15002,0.14474,0.14945,7528056.0
1766628900000,0.14947,0.15167,0.1482,0.14844,8152046.0
1766629800000,0.14844,0.14954,0.14706,0.14934,5037624.0
1766630700000,0.14931,0.14937,0.1473,0.14772,7218912.0
1766631600000,0.14773,0.1491,0.14617,0.14732,6816329.0
1766632500000,0.14732,0.14747,0.14511,0.14644,7911332.0
1766633400000,0.14644,0.14649,0.14329,0.14524,8430094.0
1766634300000,0.14524,0.14686,0.14524,0.14581,5343650.0
1766635200000,0.14581,0.14908,0.14517,0.14895,7266433.0
1766636100000,0.14895,0.14987,0.148,0.14894,7491629.0
1766637000000,0.14893,0.15,0.14823,0.14951,6077020.0
1766637900000,0.14953,0.14977,0.14624,0.14786,7783259.0
1766638800000,0.14784,0.15076,0.14665,0.15014,7194876.0
1766639700000,0.15014,0.15776,0.15,0.15699,23621998.0
1766640600000,0.15695,0.16286,0.15505,0.16211,26920732.0
1766641500000,0.16213,0.1637,0.15826,0.15972,29285291.0
1766642400000,0.15973,0.16123,0.15303,0.15591,31500130.0
1766643300000,0.1559,0.15647,0.14795,0.15085,28502348.0
1766644200000,0.15081,0.15733,0.15024,0.15728,21492449.0
1766645100000,0.15726,0.16164,0.1568,0.15932,24981690.0
1766646000000,0.1593,0.16349,0.15928,0.16142,22988540.0
1766646900000,0.16145,0.16286,0.15668,0.15687,23180776.0
1766647800000,0.15677,0.1623,0.15607,0.16091,20369210.0
1766648700000,0.16092,0.16493,0.15867,0.15923,19762252.0
1766649600000,0.15931,0.1624,0.159,0.15939,12350858.0
1766650500000,0.15941,0.15971,0.15392,0.15578,19408287.0
1766651400000,0.15577,0.15894,0.1555,0.15556,11375316.0
1766652300000,0.15556,0.15656,0.1529,0.15517,11630120.0
1766653200000,0.15517,0.15918,0.15504,0.15856,11350775.0
1766654100000,0.15855,0.15855,0.15217,0.15301,13168642.0
1766655000000,0.15315,0.15596,0.15131,0.15487,10643262.0
1766655900000,0.15487,0.15738,0.15396,0.15699,7815755.0
1766656800000,0.15699,0.16264,0.1568,0.16217,15108955.0
1766657700000,0.16213,0.16688,0.1612,0.16352,23910582.0
1766658600000,0.16353,0.16567,0.16042,0.16209,22498350.0
1766659500000,0.16213,0.1658,0.16159,0.16245,12890142.0
1766660400000,0.16246,0.1649,0.16059,0.16097,11532704.0
1766661300000,0.16097,0.16398,0.15813,0.16358,13621064.0
1766662200000,0.16359,0.16575,0.16195,0.16389,14889951.0
1766663100000,0.16387,0.16832,0.16164,0.16639,17750692.0
1766664000000,0.16639,0.16639,0.16121,0.16155,18288014.0
1766664900000,0.16158,0.16354,0.159,0.16176,16017338.0
1766665800000,0.16176,0.16372,0.16,0.1603,11050210.0
1766666700000,0.16029,0.16177,0.15666,0.15767,12475691.0
1766667600000,0.1577,0.15888,0.15515,0.15577,15771745.0
1766668500000,0.15575,0.1575,0.15336,0.15667,13819954.0
1766669400000,0.15669,0.16295,0.15581,0.16179,14443785.0
1766670300000,0.16179,0.16465,0.16101,0.16244,19434568.0
1766671200000,0.16245,0.16465,0.16121,0.16138,12562019.0
1766672100000,0.16138,0.16456,0.16127,0.16329,8830711.0
1766673000000,0.1633,0.16662,0.16155,0.16189,13891584.0
1766673900000,0.16187,0.16445,0.15883,0.16252,16962514.0
1766674800000,0.16257,0.1631,0.15972,0.16273,11124330.0
1766675700000,0.16276,0.16436,0.161,0.16274,12761425.0
1766676600000,0.16273,0.16436,0.16184,0.16337,8840058.0
1766677500000,0.1634,0.16528,0.16285,0.16441,9029454.0
1766678400000,0.16439,0.1652,0.1602,0.16093,14202739.0
1766679300000,0.16093,0.16182,0.159,0.16005,12095115.0
1766680200000,0.16006,0.1618,0.15571,0.15953,16999369.0
1766681100000,0.15956,0.16,0.15722,0.15802,8930973.0
1766682000000,0.15802,0.15987,0.1558,0.1563,9902944.0
1766682900000,0.15633,0.15838,0.1548,0.15675,9119812.0
1766683800000,0.15674,0.15824,0.15414,0.15655,7817855.0
1766684700000,0.15654,0.1576,0.1556,0.1568,4709382.0
1766685600000,0.15678,0.1582,0.15504,0.15524,5941827.0
1766686500000,0.15523,0.15669,0.15433,0.15465,5630005.0
1766687400000,0.15466,0.15479,0.13257,0.13753,51038514.0
1766688300000,0.13756,0.13946,0.13453,0.13774,28631955.0
1766689200000,0.13773,0.13928,0.13567,0.13705,12362568.0
1766690100000,0.13706,0.13755,0.13503,0.13534,8479996.0
1766691000000,0.13534,0.13658,0.13342,0.13434,10860167.0
1766691900000,0.13435,0.1371,0.13375,0.13564,10857830.0
1766692800000,0.13565,0.13691,0.13477,0.1369,7492813.0
1766693700000,0.13691,0.1388,0.13641,0.13832,11517178.0
1766694600000,0.13832,0.1388,0.13557,0.13646,9055817.0
1766695500000,0.13647,0.13695,0.13508,0.1351,3921815.0
1766696400000,0.13509,0.1351,0.13001,0.13306,16258690.0
1766697300000,0.13307,0.1334,0.1314,0.13143,6327481.0
1766698200000,0.13144,0.13185,0.12865,0.13074,9878700.0
1766699100000,0.13075,0.13155,0.12858,0.13061,7476493.0
1766700000000,0.1306,0.13153,0.1282,0.13124,8552203.0
1766700900000,0.13118,0.14079,0.1304,0.13827,19273406.0
1766701800000,0.13827,0.14433,0.13747,0.14327,10618006.0
1766702700000,0.14327,0.144,0.13932,0.14009,6303592.0
1766703600000,0.14009,0.14218,0.1398,0.14046,6402981.0
1766704500000,0.14046,0.14073,0.1376,0.13905,6964358.0
1766705400000,0.13907,0.13947,0.13408,0.13477,14674597.0
1766706300000,0.13474,0.13654,0.1345,0.13612,11207535.0
1766707200000,0.13611,0.13685,0.1352,0.13631,4329915.0
1766708100000,0.13631,0.13788,0.1361,0.1371,5924468.0
1766709000000,0.1371,0.13828,0.13589,0.13626,5819104.0
1766709900000,0.13627,0.1371,0.13584,0.13709,2877424.0
1766710800000,0.13708,0.13774,0.1365,0.137,2688444.0
1766711700000,0.137,0.13772,0.1361,0.1377,2631722.0
1766712600000,0.13771,0.14105,0.13732,0.14105,3569267.0
1766713500000,0.14102,0.14196,0.13959,0.14083,3931338.0
1766714400000,0.14083,0.14211,0.14068,0.14169,2726172.0
1766715300000,0.14169,0.14198,0.14023,0.14052,2821072.0
1766716200000,0.14053,0.14122,0.13874,0.14042,4235055.0
1766717100000,0.14044,0.14054,0.13881,0.13945,2427134.0
1766718000000,0.13945,0.14014,0.13871,0.13969,2427806.0
1766718900000,0.13968,0.1404,0.13706,0.13809,4728102.0
1766719800000,0.13808,0.13879,0.13474,0.13533,5523275.0
1766720700000,0.13531,0.13592,0.13402,0.1349,3909369.0
1766721600000,0.13491,0.13519,0.13281,0.13389,3884264.0
1766722500000,0.13387,0.1348,0.13326,0.13386,2778839.0
1766723400000,0.13387,0.13425,0.13276,0.13389,2621343.0
1766724300000,0.13389,0.13436,0.13304,0.13397,2485542.0
1766725200000,0.13397,0.13579,0.13342,0.1348,4695640.0
1766726100000,0.13476,0.13497,0.13401,0.13461,2673527.0
1766727000000,0.1346,0.1359,0.13442,0.13546,3592528.0
1766727900000,0.13545,0.13648,0.13526,0.13556,3767086.0
1766728800000,0.13558,0.13683,0.13537,0.13634,3495055.0
1766729700000,0.13635,0.1367,0.13459,0.13585,4720854.0
1766730600000,0.13585,0.13758,0.13556,0.13596,4071575.0
1766731500000,0.13594,0.13745,0.13591,0.13682,3089260.0
1766732400000,0.13682,0.138,0.1366,0.13747,3814156.0
1766733300000,0.13745,0.13791,0.13445,0.13523,6539845.0
1766734200000,0.13523,0.1365,0.13483,0.13576,4111080.0
1766735100000,0.13575,0.13576,0.13315,0.13427,5562105.0
1766736000000,0.13427,0.13487,0.13372,0.13433,4514853.0
1766736900000,0.13432,0.13678,0.13418,0.13609,5476094.0
1766737800000,0.13609,0.13637,0.13529,0.13609,4280468.0
1766738700000,0.13609,0.1366,0.13558,0.13609,2378631.0
1766739600000,0.13609,0.13689,0.13607,0.13638,3092465.0
1766740500000,0.13639,0.13888,0.13635,0.13813,4630487.0
1766741400000,0.13813,0.13873,0.13622,0.13725,3741527.0
1766742300000,0.13722,0.13737,0.13627,0.13646,3899177.0
1766743200000,0.13645,0.13759,0.13614,0.13714,3976208.0
1766744100000,0.13714,0.1381,0.13684,0.13729,4425533.0
1766745000000,0.13728,0.13743,0.13609,0.13648,3037991.0
1766745900000,0.13649,0.13682,0.1355,0.13677,2253771.0
1766746800000,0.13679,0.13774,0.13678,0.13729,2661531.0
1766747700000,0.1373,0.138,0.13705,0.13706,2369094.0
1766748600000,0.13709,0.1376,0.13642,0.13715,2890075.0
1766749500000,0.13714,0.13933,0.13714,0.13911,3836983.0
1766750400000,0.13911,0.14333,0.139,0.13991,10591840.0
1766751300000,0.13986,0.1402,0.1384,0.13976,5241153.0
1766752200000,0.13974,0.13984,0.13848,0.13861,4675844.0
1766753100000,0.13862,0.14078,0.13833,0.14058,4731627.0
1766754000000,0.14059,0.1411,0.1395,0.13974,5139155.0
1766754900000,0.13975,0.13993,0.13818,0.13862,4175884.0
1766755800000,0.13859,0.14014,0.13826,0.14014,3131725.0
1766756700000,0.14014,0.14078,0.13922,0.1393,3997533.0
1766757600000,0.1393,0.13991,0.13823,0.13872,4598220.0
1766758500000,0.13872,0.13889,0.13634,0.13765,7129680.0
1766759400000,0.13763,0.13818,0.13654,0.1372,4637780.0
1766760300000,0.13724,0.13823,0.13604,0.13812,4632825.0
1766761200000,0.13812,0.13935,0.1369,0.13887,5168959.0
1766762100000,0.13888,0.14212,0.1388,0.14196,6475434.0
1766763000000,0.14193,0.14275,0.14097,0.14191,5778729.0
1766763900000,0.14191,0.14478,0.14163,0.14392,5379168.0
1766764800000,0.14393,0.14526,0.14256,0.14392,5356664.0
1766765700000,0.14394,0.14404,0.14249,0.14282,2738740.0
1766766600000,0.14283,0.14363,0.14185,0.14195,4678773.0
1766767500000,0.14198,0.14266,0.1395,0.13997,4031701.0
1766768400000,0.13991,0.14023,0.13861,0.1394,4291241.0
1766769300000,0.13939,0.13959,0.1374,0.13754,3975133.0
1766770200000,0.13758,0.13773,0.13218,0.13291,10206563.0
1766771100000,0.13291,0.13434,0.13262,0.13346,4354023.0
1766772000000,0.13348,0.13412,0.13252,0.13313,3823788.0
1766772900000,0.13314,0.13319,0.13157,0.13256,4086719.0
1766773800000,0.13257,0.13324,0.13211,0.13284,2294216.0
1766774700000,0.13286,0.1331,0.13178,0.13242,3301883.0
1766775600000,0.13243,0.1326,0.13,0.13109,4704424.0
1766776500000,0.13109,0.13152,0.1306,0.13112,2163482.0
1766777400000,0.13109,0.1315,0.12891,0.12982,3968818.0
1766778300000,0.12982,0.13025,0.12881,0.13018,3012725.0
1766779200000,0.1302,0.131,0.12963,0.12974,2366382.0
1766780100000,0.12974,0.1305,0.12951,0.13017,1743335.0
1766781000000,0.13017,0.13176,0.12981,0.13144,2303772.0
1766781900000,0.13143,0.1326,0.1294,0.12969,3784683.0
1766782800000,0.12968,0.12976,0.12821,0.12839,3400182.0
1766783700000,0.12839,0.1284,0.12671,0.12765,4976639.0
1766784600000,0.12764,0.12768,0.1242,0.12505,6710482.0
1766785500000,0.12506,0.12667,0.12492,0.12608,2859140.0
1766786400000,0.12607,0.12661,0.12518,0.12539,2977667.0
1766787300000,0.12536,0.12553,0.12223,0.12337,5652418.0
1766788200000,0.12338,0.1248,0.12292,0.12468,3003298.0
1766789100000,0.12468,0.12579,0.12441,0.12515,2857726.0
1766790000000,0.12514,0.12514,0.12253,0.12353,4956470.0
1766790900000,0.12353,0.12605,0.1233,0.12511,4241348.0
1766791800000,0.1251,0.12694,0.12485,0.12642,3718067.0
1766792700000,0.12642,0.12959,0.1262,0.12836,5762996.0
1766793600000,0.12837,0.12938,0.12821,0.12851,3613865.0
1766794500000,0.12852,0.12938,0.12733,0.12751,3424502.0
1766795400000,0.12751,0.12818,0.12712,0.12713,2027815.0
1766796300000,0.12714,0.12798,0.12668,0.12798,2242173.0
1766797200000,0.12796,0.12834,0.12646,0.12724,2879636.0
1766798100000,0.12724,0.12838,0.12718,0.12781,1159400.0
1766799000000,0.12782,0.12785,0.12571,0.12604,2545226.0
1766799900000,0.12606,0.1282,0.12604,0.12781,3475200.0
1766800800000,0.12781,0.12895,0.12734,0.12799,3907910.0
1766801700000,0.12798,0.12819,0.12762,0.12786,3115325.0
1766802600000,0.12786,0.12899,0.12767,0.12857,2820291.0
1766803500000,0.12857,0.12907,0.1281,0.12824,2570037.0
1766804400000,0.12823,0.12838,0.12735,0.12771,2068671.0
1766805300000,0.12772,0.1282,0.12741,0.12795,2224305.0
1766806200000,0.12795,0.12844,0.12763,0.12843,2464358.0
1766807100000,0.12844,0.12966,0.1282,0.12922,2634322.0
1766808000000,0.12922,0.13123,0.12907,0.13047,3393288.0
1766808900000,0.13048,0.13112,0.1294,0.13046,2568998.0
1766809800000,0.13045,0.13051,0.1297,0.12991,2364737.0
1766810700000,0.12991,0.1307,0.12988,0.13027,2604405.0
1766811600000,0.13027,0.13034,0.12974,0.12988,3699453.0
1766812500000,0.12988,0.1317,0.12982,0.13138,2749761.0
1766813400000,0.13137,0.1314,0.13031,0.1307,1857308.0
1766814300000,0.13071,0.13135,0.13061,0.1312,1361141.0
1766815200000,0.13118,0.13178,0.13025,0.13046,2073350.0
1766816100000,0.13047,0.13125,0.13021,0.13094,1886800.0
1766817000000,0.13095,0.13154,0.13061,0.1315,1450832.0
1766817900000,0.13149,0.1317,0.13026,0.13047,2272749.0
1766818800000,0.13047,0.13107,0.1289,0.13092,4176674.0
1766819700000,0.13092,0.13128,0.12967,0.12987,2354783.0
1766820600000,0.12987,0.13011,0.12901,0.12969,2689439.0
1766821500000,0.12972,0.1315,0.12923,0.13116,3609096.0
1766822400000,0.13115,0.13281,0.13082,0.13251,4659568.0
1766823300000,0.13248,0.13312,0.13131,0.13135,4020949.0
1766824200000,0.13135,0.13162,0.13042,0.13082,4563126.0
1766825100000,0.13082,0.13168,0.1306,0.13153,3305037.0
1766826000000,0.13152,0.13155,0.13086,0.1312,2288801.0
1766826900000,0.1312,0.13136,0.13,0.13013,2697488.0
1766827800000,0.13013,0.13109,0.12936,0.13095,3691875.0
1766828700000,0.13094,0.13106,0.13005,0.13021,3945002.0
1766829600000,0.13022,0.13039,0.1289,0.12927,3375992.0
1766830500000,0.12927,0.13007,0.12897,0.12963,2948539.0
1766831400000,0.12961,0.13,0.12749,0.12811,5087300.0
1766832300000,0.12811,0.12867,0.12807,0.1286,2608550.0
1766833200000,0.12859,0.12893,0.1258,0.12749,5602272.0
1766834100000,0.12749,0.1288,0.12744,0.12807,2775774.0
1766835000000,0.12809,0.12812,0.12701,0.12731,3017272.0
1766835900000,0.12731,0.12741,0.12493,0.12609,4805334.0
1766836800000,0.1261,0.127,0.1258,0.12652,3931284.0
1766837700000,0.12653,0.12686,0.125,0.12547,4075628.0
1766838600000,0.12546,0.12597,0.12507,0.12513,3148030.0
1766839500000,0.12514,0.12606,0.124,0.12601,4637482.0
1766840400000,0.12602,0.1266,0.12535,0.12633,3776993.0
1766841300000,0.12632,0.12692,0.12583,0.12633,3351450.0
1766842200000,0.12633,0.1272,0.12571,0.12585,4013041.0
1766843100000,0.12584,0.12689,0.12584,0.12664,2777308.0
1766844000000,0.12664,0.12765,0.1262,0.12723,4546769.0
1766844900000,0.12729,0.12808,0.1272,0.12748,7684073.0
1766845800000,0.12748,0.1284,0.12657,0.12736,10141381.0
1766846700000,0.12732,0.12738,0.1264,0.12734,4749541.0
1766847600000,0.12734,0.12736,0.12437,0.1258,5464074.0
1766848500000,0.12573,0.12712,0.12543,0.12636,3275782.0
1766849400000,0.12636,0.12676,0.12533,0.12625,3390217.0
1766850300000,0.12625,0.12663,0.12581,0.12615,2541365.0
1766851200000,0.12614,0.1266,0.12575,0.12621,4058468.0
1766852100000,0.12621,0.12745,0.1261,0.12631,2756703.0
1766853000000,0.12634,0.12748,0.12615,0.12716,3429698.0
1766853900000,0.12717,0.12748,0.1266,0.12692,3038412.0
1766854800000,0.12693,0.12743,0.12679,0.12733,3180731.0
1766855700000,0.12731,0.12733,0.12575,0.12634,3915007.0
1766856600000,0.12633,0.1271,0.12624,0.12686,2165580.0
1766857500000,0.12686,0.12766,0.12673,0.12728,2590520.0
1766858400000,0.12731,0.12772,0.12684,0.12763,2311849.0
1766859300000,0.12762,0.12778,0.12688,0.12692,1770194.0
1766860200000,0.12692,0.12789,0.12676,0.12776,2233900.0
1766861100000,0.12776,0.12779,0.1273,0.12752,1317119.0
1766862000000,0.12753,0.1294,0.12752,0.12931,2216526.0
1766862900000,0.12928,0.12989,0.12906,0.12933,2229198.0
1766863800000,0.12934,0.12955,0.12866,0.1291,2043732.0
1766864700000,0.1291,0.1292,0.12868,0.12893,1777157.0
1766865600000,0.12893,0.12933,0.12854,0.12914,2213605.0
1766866500000,0.12915,0.12931,0.12889,0.12912,1183587.0
1766867400000,0.12911,0.12996,0.1291,0.12944,2079460.0
1766868300000,0.12945,0.12952,0.12854,0.1288,1553998.0
1766869200000,0.1288,0.12968,0.12874,0.12935,2024667.0
1766870100000,0.12935,0.12954,0.12893,0.12921,1382830.0
1766871000000,0.12922,0.12922,0.12863,0.1289,1476491.0
1766871900000,0.1289,0.12897,0.12822,0.12871,1317164.0
1766872800000,0.12872,0.12884,0.1278,0.12864,1738362.0
1766873700000,0.12865,0.12896,0.12804,0.12826,1322465.0
1766874600000,0.12828,0.12837,0.127,0.12722,2039010.0
1766875500000,0.12722,0.12735,0.12706,0.1272,804330.0
1766876400000,0.12719,0.12723,0.1266,0.12693,1587091.0
1766877300000,0.12693,0.128,0.12689,0.12757,1810216.0
1766878200000,0.12758,0.12829,0.12733,0.12823,1407564.0
1766879100000,0.12824,0.12865,0.12789,0.12805,1684638.0
1766880000000,0.12806,0.13043,0.12804,0.12964,3141390.0
1766880900000,0.12961,0.12965,0.12834,0.12872,2212020.0
1766881800000,0.12872,0.12877,0.12751,0.12875,2108222.0
1766882700000,0.12877,0.12978,0.1284,0.12858,2183317.0
1766883600000,0.12858,0.12999,0.12858,0.1295,2533425.0
1766884500000,0.1295,0.12985,0.1291,0.12938,1673362.0
1766885400000,0.12939,0.12942,0.12767,0.12778,2203883.0
1766886300000,0.12779,0.12823,0.12734,0.12771,1859123.0
1766887200000,0.1277,0.12846,0.1274,0.12816,2679915.0
1766888100000,0.12816,0.12875,0.12801,0.12821,1712477.0
1766889000000,0.12822,0.12844,0.12793,0.12842,2598566.0
1766889900000,0.12842,0.12942,0.12837,0.12903,2679200.0
1766890800000,0.12904,0.12954,0.12842,0.12895,2764747.0
1766891700000,0.12894,0.1291,0.12869,0.12896,2213848.0
1766892600000,0.12897,0.12912,0.12801,0.12865,2137869.0
1766893500000,0.12865,0.1291,0.12843,0.12879,2880764.0
1766894400000,0.12878,0.12989,0.12862,0.12973,3392217.0
1766895300000,0.12973,0.13011,0.12896,0.12921,2757192.0
1766896200000,0.12922,0.12934,0.12867,0.12881,2632535.0
1766897100000,0.1288,0.12899,0.12838,0.12849,2346306.0
1766898000000,0.1285,0.1286,0.1274,0.12777,3154364.0
1766898900000,0.12778,0.12797,0.12511,0.12665,4344763.0
1766899800000,0.12666,0.12733,0.12662,0.1268,2511143.0
1766900700000,0.1268,0.12717,0.126,0.1262,3154476.0
1766901600000,0.1262,0.12674,0.12588,0.12618,3811151.0
1766902500000,0.12616,0.12658,0.12571,0.12634,2808562.0
1766903400000,0.12634,0.12666,0.1254,0.12591,3748314.0
1766904300000,0.12591,0.1262,0.12551,0.12594,3172744.0
1766905200000,0.12594,0.12708,0.12573,0.12696,3490441.0
1766906100000,0.12696,0.12717,0.1266,0.12677,2049727.0
1766907000000,0.12677,0.12687,0.12601,0.12651,2860849.0
1766907900000,0.12652,0.12729,0.12652,0.12716,1359502.0
1766908800000,0.12716,0.12758,0.12656,0.1269,2365381.0
1766909700000,0.1269,0.12699,0.12618,0.12631,1859662.0
1766910600000,0.12631,0.12644,0.12552,0.12617,4039354.0
1766911500000,0.12616,0.12648,0.1258,0.12645,2661017.0
1766912400000,0.12645,0.12684,0.12604,0.12655,2590747.0
1766913300000,0.12655,0.12738,0.12635,0.12711,2701806.0
1766914200000,0.12711,0.12757,0.12678,0.12698,2142487.0
1766915100000,0.12699,0.12712,0.12637,0.12648,2242060.0
1766916000000,0.12649,0.12656,0.12592,0.12626,2531114.0
1766916900000,0.12625,0.12679,0.12607,0.12616,1847988.0
1766917800000,0.12617,0.12631,0.12591,0.12608,1963793.0
1766918700000,0.12607,0.12652,0.12589,0.12632,2787338.0
1766919600000,0.12632,0.12662,0.12523,0.12654,5696824.0
1766920500000,0.12653,0.12677,0.1256,0.1261,3575920.0
1766921400000,0.1261,0.12611,0.12457,0.12468,2663124.0
1766922300000,0.1247,0.12524,0.124,0.125,4472299.0
1766923200000,0.125,0.12589,0.1249,0.12527,3394114.0
1766924100000,0.12527,0.12577,0.125,0.12543,2799666.0
1766925000000,0.12542,0.12543,0.12502,0.12515,2116696.0
1766925900000,0.12514,0.12748,0.12509,0.12658,3730216.0
1766926800000,0.12658,0.12719,0.12644,0.12674,2883408.0
1766927700000,0.12674,0.12758,0.12621,0.12705,3369182.0
1766928600000,0.12704,0.12728,0.12646,0.12676,3071656.0
1766929500000,0.12676,0.127,0.12528,0.12599,4857763.0
1766930400000,0.126,0.1264,0.12575,0.12607,3063255.0
1766931300000,0.12607,0.12649,0.126,0.12616,1814045.0
1766932200000,0.12616,0.12635,0.12601,0.12617,1557029.0
1766933100000,0.12618,0.12625,0.1256,0.12568,2148486.0
1766934000000,0.12568,0.12698,0.12548,0.12686,2269614.0
1766934900000,0.12686,0.12732,0.12671,0.1271,2095477.0
1766935800000,0.12711,0.12728,0.12657,0.12681,1641998.0
1766936700000,0.12682,0.12746,0.12668,0.12711,2201083.0
1766937600000,0.12711,0.12927,0.12709,0.12924,3446742.0
1766938500000,0.12924,0.1302,0.12888,0.12897,3985395.0
1766939400000,0.12897,0.1296,0.12865,0.12892,2931284.0
1766940300000,0.12893,0.1292,0.12738,0.12751,3320762.0
1766941200000,0.12751,0.128,0.1264,0.12792,3861673.0
1766942100000,0.12793,0.1291,0.12793,0.12871,2198192.0
1766943000000,0.12872,0.12889,0.12769,0.12775,2138224.0
1766943900000,0.12777,0.12791,0.12678,0.1271,1784988.0
1766944800000,0.12708,0.12759,0.1269,0.12705,1669391.0
1766945700000,0.12706,0.12737,0.12542,0.12678,3692734.0
1766946600000,0.12677,0.12808,0.12661,0.12769,1630132.0
1766947500000,0.12769,0.12784,0.12632,0.12634,2295611.0
1766948400000,0.12634,0.1265,0.12524,0.12569,2635855.0
1766949300000,0.12568,0.12613,0.12505,0.12564,2073875.0
1766950200000,0.12564,0.12588,0.12532,0.1256,1577682.0
1766951100000,0.12561,0.12561,0.12505,0.12514,1222134.0
1766952000000,0.12515,0.12515,0.11354,0.11716,24115938.0
1766952900000,0.11716,0.11756,0.114,0.11425,8906528.0
1766953800000,0.11425,0.11516,0.11305,0.11399,5497507.0
1766954700000,0.11399,0.11547,0.11248,0.11335,4388616.0
1766955600000,0.11336,0.11573,0.11336,0.11532,4267471.0
1766956500000,0.11533,0.11594,0.11362,0.11365,3210577.0
1766957400000,0.11364,0.11373,0.10125,0.10592,27185160.0
1766958300000,0.10593,0.10804,0.10491,0.10736,11451527.0
1766959200000,0.10731,0.10899,0.10512,0.10803,7577986.0
1766960100000,0.10804,0.10808,0.10622,0.1067,4672781.0
1766961000000,0.10671,0.10733,0.10572,0.10601,3540798.0
1766961900000,0.10602,0.10708,0.10557,0.10679,3394962.0
1766962800000,0.10678,0.10848,0.10669,0.10836,5802988.0
1766963700000,0.10836,0.11046,0.10835,0.10934,6188112.0
1766964600000,0.10932,0.11043,0.10286,0.10818,10622771.0
1766965500000,0.10818,0.10899,0.10785,0.10836,3647584.0
1766966400000,0.10831,0.11051,0.10806,0.10994,5109349.0
1766967300000,0.10992,0.11066,0.109,0.10966,4011251.0
1766968200000,0.10968,0.11,0.10773,0.10835,4036999.0
1766969100000,0.10835,0.10857,0.10788,0.1083,3556243.0
1766970000000,0.10829,0.10839,0.106,0.10654,5625930.0
1766970900000,0.10654,0.10663,0.10537,0.10585,4845473.0
1766971800000,0.10585,0.10815,0.10553,0.10706,4463999.0
1766972700000,0.10704,0.10915,0.10692,0.10766,5360511.0
1766973600000,0.10765,0.10861,0.10718,0.10845,3578140.0
1766974500000,0.10845,0.10878,0.10613,0.10696,5068150.0
1766975400000,0.10693,0.10776,0.10685,0.10725,2540337.0
1766976300000,0.10724,0.10739,0.10633,0.10667,3589154.0
1766977200000,0.10668,0.107,0.1056,0.10598,3964480.0
1766978100000,0.10598,0.10678,0.10582,0.10657,2801388.0
1766979000000,0.10657,0.10685,0.10593,0.10629,4038856.0
1766979900000,0.1063,0.10728,0.1063,0.10662,4031891.0
1766980800000,0.10661,0.10761,0.10648,0.10719,3356013.0
1766981700000,0.10719,0.10825,0.10714,0.10791,4005245.0
1766982600000,0.10791,0.10883,0.10729,0.1075,4900928.0
1766983500000,0.1075,0.10795,0.10664,0.10785,4546022.0
1766984400000,0.10786,0.10913,0.1072,0.10736,3921354.0
1766985300000,0.10737,0.10768,0.1066,0.10731,4125984.0
1766986200000,0.10731,0.10731,0.106,0.10604,5572904.0
1766987100000,0.10604,0.10622,0.10502,0.10608,6312897.0
1766988000000,0.1061,0.10652,0.10315,0.10553,10853522.0
1766988900000,0.10548,0.10642,0.1045,0.10552,6375364.0
1766989800000,0.1055,0.10658,0.10501,0.10641,5190942.0
1766990700000,0.10641,0.10684,0.10576,0.10652,4763623.0
1766991600000,0.10653,0.10673,0.1056,0.10585,5208147.0
1766992500000,0.10586,0.10601,0.1051,0.10534,4813218.0
1766993400000,0.10535,0.10625,0.10515,0.10544,5781286.0
1766994300000,0.10546,0.10592,0.10513,0.10577,4626456.0
1766995200000,0.10576,0.10699,0.10557,0.10644,5456511.0
1766996100000,0.10645,0.10663,0.1058,0.1064,4022332.0
1766997000000,0.10636,0.10646,0.1055,0.10581,4319835.0
1766997900000,0.10581,0.10636,0.10502,0.10546,6155713.0
1766998800000,0.10546,0.1055,0.10396,0.10477,8194221.0
1766999700000,0.10476,0.10495,0.10321,0.10388,5436837.0
1767000600000,0.10388,0.1042,0.102,0.10306,13231604.0
1767001500000,0.10305,0.10325,0.10088,0.102,13526326.0
1767002400000,0.102,0.10215,0.0995,0.10087,12353849.0
1767003300000,0.10087,0.10311,0.10021,0.103,8272089.0
1767004200000,0.10298,0.10397,0.10205,0.10396,6819855.0
1767005100000,0.10395,0.10413,0.10305,0.10326,5539276.0
1767006000000,0.10325,0.10325,0.10209,0.10309,7269672.0
1767006900000,0.1031,0.1038,0.10284,0.10359,4984047.0
1767007800000,0.1036,0.10632,0.1034,0.10567,8398980.0
1767008700000,0.10567,0.10681,0.10489,0.10546,7149242.0
1767009600000,0.10546,0.10563,0.104,0.10436,8045105.0
1767010500000,0.10435,0.10441,0.10256,0.10371,8076568.0
1767011400000,0.10371,0.10461,0.10311,0.10416,4969494.0
1767012300000,0.10418,0.10479,0.10349,0.10373,4046473.0
1767013200000,0.10373,0.10394,0.10301,0.10331,5124248.0
1767014100000,0.10332,0.1034,0.10216,0.10282,6779564.0
1767015000000,0.10281,0.10325,0.102,0.10232,7454845.0
1767015900000,0.10232,0.10253,0.10128,0.10196,9676312.0
1767016800000,0.10196,0.10216,0.0955,0.0972,30447384.0
1767017700000,0.09713,0.09782,0.096,0.0976,13697053.0
1767018600000,0.09758,0.09774,0.09612,0.0971,10520088.0
1767019500000,0.0971,0.09742,0.0956,0.09619,11769187.0
1767020400000,0.09621,0.09692,0.093,0.09495,19063847.0
1767021300000,0.09493,0.09564,0.09391,0.09546,12418869.0
1767022200000,0.09548,0.09669,0.09537,0.09613,8475798.0
1767023100000,0.0961,0.09625,0.09512,0.09544,6596681.0
1767024000000,0.09549,0.09691,0.0944,0.0963,10049817.0
1767024900000,0.09631,0.09969,0.09567,0.09882,11090377.0
1767025800000,0.09884,0.10077,0.0987,0.10052,12235636.0
1767026700000,0.10053,0.10314,0.10051,0.10277,11750900.0
1767027600000,0.10277,0.10464,0.0994,0.10113,14832986.0
1767028500000,0.10113,0.10152,0.098,0.09981,10037098.0
1767029400000,0.09982,0.10035,0.09764,0.09898,6692400.0
1767030300000,0.09893,0.09901,0.0978,0.09818,4640658.0
1767031200000,0.09819,0.09843,0.09701,0.09734,5755095.0
1767032100000,0.09731,0.09872,0.0972,0.0979,5382543.0
1767033000000,0.09789,0.098,0.09643,0.09733,4889912.0
1767033900000,0.09733,0.09803,0.09687,0.09739,3409975.0
1767034800000,0.0974,0.09875,0.09736,0.0986,3784808.0
1767035700000,0.0986,0.10035,0.09838,0.09947,4989901.0
1767036600000,0.09949,0.09994,0.09889,0.09969,2429055.0
1767037500000,0.09968,0.09969,0.09819,0.09868,2638161.0
1767038400000,0.09869,0.10019,0.09823,0.09962,3388330.0
1767039300000,0.09962,0.10145,0.09945,0.10126,2104314.0
1767040200000,0.10127,0.10147,0.10033,0.10081,2196530.0
1767041100000,0.1008,0.10224,0.10038,0.10185,2600619.0
1767042000000,0.10184,0.10291,0.10118,0.10254,3131369.0
1767042900000,0.10257,0.10266,0.1015,0.10157,2851699.0
1767043800000,0.1016,0.10181,0.10083,0.10141,1885518.0
1767044700000,0.10141,0.10199,0.10075,0.10122,2422965.0
1767045600000,0.10122,0.102,0.10121,0.10156,1889048.0
1767046500000,0.10152,0.10163,0.10048,0.10102,2396451.0
1767047400000,0.10099,0.10166,0.09968,0.10084,2479751.0
1767048300000,0.10084,0.10234,0.1008,0.10226,1983047.0
1767049200000,0.10225,0.10299,0.10147,0.1023,2477474.0
1767050100000,0.10229,0.10345,0.10225,0.10306,2387183.0
1767051000000,0.10304,0.10333,0.10247,0.10289,1814562.0
1767051900000,0.10289,0.10335,0.10224,0.10254,3289888.0
1767052800000,0.10253,0.10295,0.10217,0.10279,2799695.0
1767053700000,0.10278,0.10315,0.10219,0.10294,2880067.0
1767054600000,0.10294,0.10313,0.10222,0.10225,3024276.0
1767055500000,0.10226,0.10226,0.10049,0.10117,4731856.0
1767056400000,0.10114,0.10179,0.10022,0.10179,2654743.0
1767057300000,0.10178,0.10272,0.10133,0.10146,3469155.0
1767058200000,0.10149,0.10152,0.10079,0.10144,2426849.0
1767059100000,0.10143,0.10393,0.10143,0.10388,3042340.0
1767060000000,0.10388,0.10471,0.1025,0.1029,6359559.0
1767060900000,0.1029,0.10315,0.10136,0.10136,3319055.0
1767061800000,0.10138,0.10202,0.10058,0.10191,4107845.0
1767062700000,0.10189,0.10279,0.10177,0.1026,2639118.0
1767063600000,0.10259,0.10384,0.10204,0.10229,3635569.0
1767064500000,0.10229,0.1023,0.1006,0.10093,2910233.0
1767065400000,0.10094,0.10107,0.09915,0.09949,4871877.0
1767066300000,0.09948,0.10002,0.0994,0.09975,2771355.0
1767067200000,0.09975,0.101,0.09965,0.10013,2924643.0
1767068100000,0.10014,0.10095,0.10004,0.10024,3793052.0
1767069000000,0.10024,0.10105,0.09941,0.10015,3875436.0
1767069900000,0.10016,0.10269,0.10003,0.10236,3557922.0
1767070800000,0.10238,0.10355,0.1018,0.10195,4749984.0
1767071700000,0.10194,0.10268,0.1,0.10074,3830644.0
1767072600000,0.10075,0.10099,0.09936,0.09966,6663571.0
1767073500000,0.09965,0.10146,0.09943,0.10096,3618123.0
1767074400000,0.10097,0.10206,0.1008,0.10122,3445613.0
1767075300000,0.10121,0.10233,0.10106,0.10141,3766637.0
1767076200000,0.10142,0.10173,0.1004,0.10137,4246769.0
1767077100000,0.10139,0.10226,0.1012,0.10165,4172594.0
1767078000000,0.10165,0.10229,0.10096,0.10117,3527096.0
1767078900000,0.10118,0.10213,0.10017,0.10193,4412818.0
1767079800000,0.10188,0.10295,0.10108,0.10153,6321694.0
1767080700000,0.10157,0.10258,0.10145,0.10254,3779678.0
1767081600000,0.10256,0.10303,0.10196,0.10286,5506128.0
1767082500000,0.10287,0.10315,0.10088,0.1009,6353892.0
1767083400000,0.10091,0.10146,0.10022,0.10126,6358829.0
1767084300000,0.10127,0.10153,0.10057,0.10079,4601621.0
1767085200000,0.10078,0.10124,0.10029,0.10077,4177634.0
1767086100000,0.10077,0.10077,0.09951,0.09988,4423480.0
1767087000000,0.09986,0.10042,0.09972,0.10036,4014987.0
1767087900000,0.10042,0.10048,0.0992,0.09926,4994474.0
1767088800000,0.09925,0.09926,0.09814,0.09894,5962511.0
1767089700000,0.09895,0.09907,0.09844,0.09864,3320654.0
1767090600000,0.09865,0.09874,0.09711,0.09776,7796233.0
1767091500000,0.09777,0.09833,0.09739,0.09756,4602071.0
1767092400000,0.09756,0.09958,0.09755,0.09946,4810847.0
1767093300000,0.09946,0.10147,0.0985,0.10124,6385965.0
1767094200000,0.10124,0.10239,0.10073,0.10144,9114488.0
1767095100000,0.10143,0.10259,0.10085,0.10193,6697275.0
1767096000000,0.10192,0.10327,0.09974,0.09999,11064961.0
1767096900000,0.1,0.10034,0.097,0.0973,13211376.0
1767097800000,0.0973,0.09802,0.09456,0.09611,13955306.0
1767098700000,0.09611,0.09776,0.09544,0.09636,9224780.0
1767099600000,0.09634,0.09701,0.09504,0.09549,9128661.0
1767100500000,0.0955,0.09676,0.09534,0.09629,7683453.0
1767101400000,0.0963,0.09647,0.09547,0.09605,6602424.0
1767102300000,0.09604,0.09754,0.09542,0.09578,19861825.0
1767103200000,0.09578,0.09875,0.09541,0.0984,10198609.0
1767104100000,0.09839,0.10025,0.0968,0.09689,14673162.0
1767105000000,0.09692,0.09818,0.09674,0.09764,8073437.0
1767105900000,0.09763,0.09812,0.09687,0.09774,7951567.0
1767106800000,0.09774,0.09802,0.09627,0.09767,7152082.0
1767107700000,0.09765,0.09774,0.09661,0.09734,7557259.0
1767108600000,0.09734,0.09734,0.09613,0.0962,6458676.0
1767109500000,0.09624,0.09686,0.09544,0.09611,6657991.0
1767110400000,0.09612,0.09639,0.09511,0.09537,7880407.0
1767111300000,0.09538,0.09639,0.09535,0.09625,5204208.0
1767112200000,0.09626,0.09652,0.09406,0.09451,9579365.0
1767113100000,0.0945,0.0958,0.09401,0.09548,8073271.0
1767114000000,0.0955,0.09552,0.09451,0.09506,4920528.0
1767114900000,0.09505,0.09509,0.0935,0.09424,7053798.0
1767115800000,0.09425,0.09466,0.0938,0.09417,3631335.0
1767116700000,0.09417,0.09436,0.09119,0.0923,11341261.0
1767117600000,0.09231,0.09305,0.09156,0.09223,9418688.0
1767118500000,0.09223,0.09365,0.09217,0.09287,5762880.0
1767119400000,0.09287,0.09311,0.09128,0.09139,5191982.0
1767120300000,0.09138,0.09151,0.09024,0.09102,10244745.0
1767121200000,0.09102,0.09152,0.09061,0.09076,5402109.0
1767122100000,0.09077,0.09153,0.09035,0.09105,5062199.0
1767123000000,0.09108,0.09236,0.09091,0.09228,4485378.0
1767123900000,0.09226,0.09347,0.09199,0.09302,7030033.0
1767124800000,0.09302,0.09389,0.09225,0.09262,5421421.0
1767125700000,0.09262,0.09321,0.09214,0.09216,4512614.0
1767126600000,0.09216,0.09216,0.09066,0.09109,8901307.0
1767127500000,0.09108,0.09166,0.09084,0.09133,5253556.0
1767128400000,0.09134,0.09143,0.09098,0.09109,5391149.0
1767129300000,0.09108,0.09129,0.09067,0.09087,3946859.0
1767130200000,0.09084,0.09108,0.09007,0.09055,7315359.0
1767131100000,0.09055,0.09083,0.088,0.08883,16401159.0
1767132000000,0.08885,0.09031,0.08882,0.08957,8909565.0
1767132900000,0.08957,0.08985,0.08866,0.08933,4919884.0
1767133800000,0.08933,0.08977,0.0886,0.08878,3869389.0
1767134700000,0.0888,0.08904,0.08838,0.08887,2089694.0
1767135600000,0.08887,0.0896,0.08846,0.08889,5085560.0
1767136500000,0.0889,0.0915,0.08886,0.09105,4702853.0
1767137400000,0.09105,0.0922,0.09048,0.0912,8582249.0
1767138300000,0.0912,0.09133,0.09025,0.0907,3289879.0
1767139200000,0.09069,0.09071,0.08934,0.08954,5831361.0
1767140100000,0.08952,0.09079,0.08934,0.09048,4743027.0
1767141000000,0.09047,0.09067,0.08987,0.09039,3429014.0
1767141900000,0.09039,0.0907,0.0899,0.09061,2881193.0
1767142800000,0.09058,0.09078,0.089,0.08908,3706294.0
1767143700000,0.08912,0.08949,0.08582,0.08697,16654854.0
1767144600000,0.08696,0.08838,0.08676,0.08702,6375394.0
1767145500000,0.08702,0.08818,0.08669,0.08793,3935853.0
1767146400000,0.08794,0.08833,0.08721,0.08771,4098089.0
1767147300000,0.08772,0.08984,0.08742,0.0893,6107309.0
1767148200000,0.08929,0.08953,0.08838,0.08849,5212933.0
1767149100000,0.08851,0.0886,0.08707,0.08711,5047860.0
1767150000000,0.08711,0.08746,0.085,0.08633,14709163.0
1767150900000,0.08633,0.08698,0.08527,0.08653,8735939.0
1767151800000,0.08651,0.08698,0.08596,0.08624,4851043.0
1767152700000,0.08623,0.08642,0.0831,0.08384,15889947.0
1767153600000,0.08385,0.0851,0.0835,0.08452,13331855.0
1767154500000,0.08449,0.08578,0.08442,0.0849,8486018.0
1767155400000,0.0849,0.08516,0.08311,0.08419,8443855.0
1767156300000,0.08418,0.0843,0.08125,0.08304,15575831.0
1767157200000,0.08304,0.08377,0.08279,0.08321,8292104.0
1767158100000,0.08321,0.0835,0.08233,0.08324,7500159.0
1767159000000,0.08325,0.0838,0.08304,0.0838,6472631.0
1767159900000,0.08377,0.08456,0.08327,0.08353,6439018.0
1767160800000,0.08353,0.08561,0.08352,0.08436,9514724.0
1767161700000,0.08436,0.08497,0.0838,0.0844,5057643.0
1767162600000,0.0844,0.08574,0.0841,0.08537,4835281.0
1767163500000,0.08537,0.08666,0.08487,0.08604,8439134.0
1767164400000,0.08604,0.08644,0.08434,0.08476,7746103.0
1767165300000,0.08476,0.0854,0.08456,0.08475,4711500.0
1767166200000,0.08476,0.08476,0.08311,0.08399,10063237.0
1767167100000,0.084,0.08558,0.08395,0.085,8043889.0
1767168000000,0.085,0.08541,0.08381,0.08431,6797887.0
1767168900000,0.08432,0.08443,0.0837,0.08407,3474608.0
1767169800000,0.08407,0.08422,0.08159,0.08186,12260445.0
1767170700000,0.08189,0.08212,0.0805,0.08162,15405046.0
1767171600000,0.08162,0.08213,0.08063,0.08131,7944134.0
1767172500000,0.08133,0.08202,0.08054,0.08143,6860981.0
1767173400000,0.08144,0.08286,0.08078,0.08261,9336769.0
1767174300000,0.08259,0.0861,0.08242,0.08573,15812329.0
1767175200000,0.08572,0.08603,0.08325,0.0833,13040242.0
1767176100000,0.0833,0.08363,0.08205,0.08228,10112107.0
1767177000000,0.08228,0.08288,0.08202,0.08226,6927185.0
1767177900000,0.08226,0.08266,0.0812,0.08206,7272624.0
1767178800000,0.08206,0.08215,0.08135,0.0816,5619731.0
1767179700000,0.0816,0.08256,0.08147,0.08233,6641992.0
1767180600000,0.08231,0.08286,0.0817,0.08266,8119936.0
1767181500000,0.08264,0.0829,0.08182,0.08249,6331999.0
1767182400000,0.08244,0.08277,0.08197,0.08257,2314631.0
